ID,Pokémon,Grupo de Evolución,Fase de Evolución
1,bulbasaur,Grupo_1,1
2,ivysaur,Grupo_1,2
3,venusaur,Grupo_1,3
4,charmander,Grupo_2,1
5,charmeleon,Grupo_2,2
6,charizard,Grupo_2,3
7,squirtle,Grupo_3,1
8,wartortle,Grupo_3,2
9,blastoise,Grupo_3,3
10,caterpie,Grupo_4,1
11,metapod,Grupo_4,2
12,butterfree,Grupo_4,3
13,weedle,Grupo_5,1
14,kakuna,Grupo_5,2
15,beedrill,Grupo_5,3
16,pidgey,Grupo_6,1
17,pidgeotto,Grupo_6,2
18,pidgeot,Grupo_6,3
19,rattata,Grupo_7,1
20,raticate,Grupo_7,2
21,spearow,Grupo_8,1
22,fearow,Grupo_8,2
23,ekans,Grupo_9,1
24,arbok,Grupo_9,2
172,pichu,Grupo_10,1
25,pikachu,Grupo_10,2
26,raichu,Grupo_10,3
27,sandshrew,Grupo_11,1
28,sandslash,Grupo_11,2
29,nidoran-f,Grupo_12,1
30,nidorina,Grupo_12,2
31,nidoqueen,Grupo_12,3
32,nidoran-m,Grupo_13,1
33,nidorino,Grupo_13,2
34,nidoking,Grupo_13,3
173,cleffa,Grupo_14,1
35,clefairy,Grupo_14,2
36,clefable,Grupo_14,3
37,vulpix,Grupo_15,1
38,ninetales,Grupo_15,2
174,igglybuff,Grupo_16,1
39,jigglypuff,Grupo_16,2
40,wigglytuff,Grupo_16,3
41,zubat,Grupo_17,1
42,golbat,Grupo_17,2
169,crobat,Grupo_17,3
43,oddish,Grupo_18,1
44,gloom,Grupo_18,2
45,vileplume,Grupo_18,3
182,bellossom,Grupo_18,3
46,paras,Grupo_19,1
47,parasect,Grupo_19,2
48,venonat,Grupo_20,1
49,venomoth,Grupo_20,2
50,diglett,Grupo_21,1
51,dugtrio,Grupo_21,2
52,meowth,Grupo_22,1
53,persian,Grupo_22,2
863,perrserker,Grupo_22,2
54,psyduck,Grupo_23,1
55,golduck,Grupo_23,2
56,mankey,Grupo_24,1
57,primeape,Grupo_24,2
979,annihilape,Grupo_24,3
58,growlithe,Grupo_25,1
59,arcanine,Grupo_25,2
60,poliwag,Grupo_26,1
61,poliwhirl,Grupo_26,2
62,poliwrath,Grupo_26,3
186,politoed,Grupo_26,3
63,abra,Grupo_27,1
64,kadabra,Grupo_27,2
65,alakazam,Grupo_27,3
66,machop,Grupo_28,1
67,machoke,Grupo_28,2
68,machamp,Grupo_28,3
69,bellsprout,Grupo_29,1
70,weepinbell,Grupo_29,2
71,victreebel,Grupo_29,3
72,tentacool,Grupo_30,1
73,tentacruel,Grupo_30,2
74,geodude,Grupo_31,1
75,graveler,Grupo_31,2
76,golem,Grupo_31,3
77,ponyta,Grupo_32,1
78,rapidash,Grupo_32,2
79,slowpoke,Grupo_33,1
80,slowbro,Grupo_33,2
199,slowking,Grupo_33,2
81,magnemite,Grupo_34,1
82,magneton,Grupo_34,2
462,magnezone,Grupo_34,3
83,farfetchd,Grupo_35,1
865,sirfetchd,Grupo_35,2
84,doduo,Grupo_36,1
85,dodrio,Grupo_36,2
86,seel,Grupo_37,1
87,dewgong,Grupo_37,2
88,grimer,Grupo_38,1
89,muk,Grupo_38,2
90,shellder,Grupo_39,1
91,cloyster,Grupo_39,2
92,gastly,Grupo_40,1
93,haunter,Grupo_40,2
94,gengar,Grupo_40,3
95,onix,Grupo_41,1
208,steelix,Grupo_41,2
96,drowzee,Grupo_42,1
97,hypno,Grupo_42,2
98,krabby,Grupo_43,1
99,kingler,Grupo_43,2
100,voltorb,Grupo_44,1
101,electrode,Grupo_44,2
102,exeggcute,Grupo_45,1
103,exeggutor,Grupo_45,2
104,cubone,Grupo_46,1
105,marowak,Grupo_46,2
236,tyrogue,Grupo_47,1
106,hitmonlee,Grupo_47,2
107,hitmonchan,Grupo_47,2
237,hitmontop,Grupo_47,2
108,lickitung,Grupo_48,1
463,lickilicky,Grupo_48,2
109,koffing,Grupo_49,1
110,weezing,Grupo_49,2
111,rhyhorn,Grupo_50,1
112,rhydon,Grupo_50,2
464,rhyperior,Grupo_50,3
440,happiny,Grupo_51,1
113,chansey,Grupo_51,2
242,blissey,Grupo_51,3
114,tangela,Grupo_52,1
465,tangrowth,Grupo_52,2
115,kangaskhan,Grupo_53,1
116,horsea,Grupo_54,1
117,seadra,Grupo_54,2
230,kingdra,Grupo_54,3
118,goldeen,Grupo_55,1
119,seaking,Grupo_55,2
120,staryu,Grupo_56,1
121,starmie,Grupo_56,2
439,mime-jr,Grupo_57,1
122,mr-mime,Grupo_57,2
866,mr-rime,Grupo_57,3
123,scyther,Grupo_58,1
212,scizor,Grupo_58,2
900,kleavor,Grupo_58,2
238,smoochum,Grupo_59,1
124,jynx,Grupo_59,2
239,elekid,Grupo_60,1
125,electabuzz,Grupo_60,2
466,electivire,Grupo_60,3
240,magby,Grupo_61,1
126,magmar,Grupo_61,2
467,magmortar,Grupo_61,3
127,pinsir,Grupo_62,1
128,tauros,Grupo_63,1
129,magikarp,Grupo_64,1
130,gyarados,Grupo_64,2
131,lapras,Grupo_65,1
132,ditto,Grupo_66,1
133,eevee,Grupo_67,1
134,vaporeon,Grupo_67,2
135,jolteon,Grupo_67,2
136,flareon,Grupo_67,2
196,espeon,Grupo_67,2
197,umbreon,Grupo_67,2
470,leafeon,Grupo_67,2
471,glaceon,Grupo_67,2
700,sylveon,Grupo_67,2
137,porygon,Grupo_68,1
233,porygon2,Grupo_68,2
474,porygon-z,Grupo_68,3
138,omanyte,Grupo_69,1
139,omastar,Grupo_69,2
140,kabuto,Grupo_70,1
141,kabutops,Grupo_70,2
142,aerodactyl,Grupo_71,1
446,munchlax,Grupo_72,1
143,snorlax,Grupo_72,2
144,articuno,Grupo_73,1
145,zapdos,Grupo_74,1
146,moltres,Grupo_75,1
147,dratini,Grupo_76,1
148,dragonair,Grupo_76,2
149,dragonite,Grupo_76,3
150,mewtwo,Grupo_77,1
151,mew,Grupo_78,1
152,chikorita,Grupo_79,1
153,bayleef,Grupo_79,2
154,meganium,Grupo_79,3
155,cyndaquil,Grupo_80,1
156,quilava,Grupo_80,2
157,typhlosion,Grupo_80,3
158,totodile,Grupo_81,1
159,croconaw,Grupo_81,2
160,feraligatr,Grupo_81,3
161,sentret,Grupo_82,1
162,furret,Grupo_82,2
163,hoothoot,Grupo_83,1
164,noctowl,Grupo_83,2
165,ledyba,Grupo_84,1
166,ledian,Grupo_84,2
167,spinarak,Grupo_85,1
168,ariados,Grupo_85,2
170,chinchou,Grupo_86,1
171,lanturn,Grupo_86,2
175,togepi,Grupo_87,1
176,togetic,Grupo_87,2
468,togekiss,Grupo_87,3
177,natu,Grupo_88,1
178,xatu,Grupo_88,2
179,mareep,Grupo_89,1
180,flaaffy,Grupo_89,2
181,ampharos,Grupo_89,3
298,azurill,Grupo_90,1
183,marill,Grupo_90,2
184,azumarill,Grupo_90,3
438,bonsly,Grupo_91,1
185,sudowoodo,Grupo_91,2
187,hoppip,Grupo_92,1
188,skiploom,Grupo_92,2
189,jumpluff,Grupo_92,3
190,aipom,Grupo_93,1
424,ambipom,Grupo_93,2
191,sunkern,Grupo_94,1
192,sunflora,Grupo_94,2
193,yanma,Grupo_95,1
469,yanmega,Grupo_95,2
194,wooper,Grupo_96,1
195,quagsire,Grupo_96,2
980,clodsire,Grupo_96,2
198,murkrow,Grupo_97,1
430,honchkrow,Grupo_97,2
200,misdreavus,Grupo_98,1
429,mismagius,Grupo_98,2
201,unown,Grupo_99,1
360,wynaut,Grupo_100,1
202,wobbuffet,Grupo_100,2
203,girafarig,Grupo_101,1
981,farigiraf,Grupo_101,2
204,pineco,Grupo_102,1
205,forretress,Grupo_102,2
206,dunsparce,Grupo_103,1
982,dudunsparce,Grupo_103,2
207,gligar,Grupo_104,1
472,gliscor,Grupo_104,2
209,snubbull,Grupo_105,1
210,granbull,Grupo_105,2
211,qwilfish,Grupo_106,1
904,overqwil,Grupo_106,2
213,shuckle,Grupo_107,1
214,heracross,Grupo_108,1
215,sneasel,Grupo_109,1
461,weavile,Grupo_109,2
903,sneasler,Grupo_109,2
216,teddiursa,Grupo_110,1
217,ursaring,Grupo_110,2
901,ursaluna,Grupo_110,3
218,slugma,Grupo_111,1
219,magcargo,Grupo_111,2
220,swinub,Grupo_112,1
221,piloswine,Grupo_112,2
473,mamoswine,Grupo_112,3
222,corsola,Grupo_113,1
864,cursola,Grupo_113,2
223,remoraid,Grupo_114,1
224,octillery,Grupo_114,2
225,delibird,Grupo_115,1
458,mantyke,Grupo_116,1
226,mantine,Grupo_116,2
227,skarmory,Grupo_117,1
228,houndour,Grupo_118,1
229,houndoom,Grupo_118,2
231,phanpy,Grupo_119,1
232,donphan,Grupo_119,2
234,stantler,Grupo_120,1
899,wyrdeer,Grupo_120,2
235,smeargle,Grupo_121,1
241,miltank,Grupo_122,1
243,raikou,Grupo_123,1
244,entei,Grupo_124,1
245,suicune,Grupo_125,1
246,larvitar,Grupo_126,1
247,pupitar,Grupo_126,2
248,tyranitar,Grupo_126,3
249,lugia,Grupo_127,1
250,ho-oh,Grupo_128,1
251,celebi,Grupo_129,1
252,treecko,Grupo_130,1
253,grovyle,Grupo_130,2
254,sceptile,Grupo_130,3
255,torchic,Grupo_131,1
256,combusken,Grupo_131,2
257,blaziken,Grupo_131,3
258,mudkip,Grupo_132,1
259,marshtomp,Grupo_132,2
260,swampert,Grupo_132,3
261,poochyena,Grupo_133,1
262,mightyena,Grupo_133,2
263,zigzagoon,Grupo_134,1
264,linoone,Grupo_134,2
862,obstagoon,Grupo_134,3
265,wurmple,Grupo_135,1
266,silcoon,Grupo_135,2
267,beautifly,Grupo_135,3
268,cascoon,Grupo_135,2
269,dustox,Grupo_135,3
270,lotad,Grupo_136,1
271,lombre,Grupo_136,2
272,ludicolo,Grupo_136,3
273,seedot,Grupo_137,1
274,nuzleaf,Grupo_137,2
275,shiftry,Grupo_137,3
276,taillow,Grupo_138,1
277,swellow,Grupo_138,2
278,wingull,Grupo_139,1
279,pelipper,Grupo_139,2
280,ralts,Grupo_140,1
281,kirlia,Grupo_140,2
282,gardevoir,Grupo_140,3
475,gallade,Grupo_140,3
283,surskit,Grupo_141,1
284,masquerain,Grupo_141,2
285,shroomish,Grupo_142,1
286,breloom,Grupo_142,2
287,slakoth,Grupo_143,1
288,vigoroth,Grupo_143,2
289,slaking,Grupo_143,3
290,nincada,Grupo_144,1
291,ninjask,Grupo_144,2
292,shedinja,Grupo_144,2
293,whismur,Grupo_145,1
294,loudred,Grupo_145,2
295,exploud,Grupo_145,3
296,makuhita,Grupo_146,1
297,hariyama,Grupo_146,2
299,nosepass,Grupo_147,1
476,probopass,Grupo_147,2
300,skitty,Grupo_148,1
301,delcatty,Grupo_148,2
302,sableye,Grupo_149,1
303,mawile,Grupo_150,1
304,aron,Grupo_151,1
305,lairon,Grupo_151,2
306,aggron,Grupo_151,3
307,meditite,Grupo_152,1
308,medicham,Grupo_152,2
309,electrike,Grupo_153,1
310,manectric,Grupo_153,2
311,plusle,Grupo_154,1
312,minun,Grupo_155,1
313,volbeat,Grupo_156,1
314,illumise,Grupo_157,1
406,budew,Grupo_158,1
315,roselia,Grupo_158,2
407,roserade,Grupo_158,3
316,gulpin,Grupo_159,1
317,swalot,Grupo_159,2
318,carvanha,Grupo_160,1
319,sharpedo,Grupo_160,2
320,wailmer,Grupo_161,1
321,wailord,Grupo_161,2
322,numel,Grupo_162,1
323,camerupt,Grupo_162,2
324,torkoal,Grupo_163,1
325,spoink,Grupo_164,1
326,grumpig,Grupo_164,2
327,spinda,Grupo_165,1
328,trapinch,Grupo_166,1
329,vibrava,Grupo_166,2
330,flygon,Grupo_166,3
331,cacnea,Grupo_167,1
332,cacturne,Grupo_167,2
333,swablu,Grupo_168,1
334,altaria,Grupo_168,2
335,zangoose,Grupo_169,1
336,seviper,Grupo_170,1
337,lunatone,Grupo_171,1
338,solrock,Grupo_172,1
339,barboach,Grupo_173,1
340,whiscash,Grupo_173,2
341,corphish,Grupo_174,1
342,crawdaunt,Grupo_174,2
343,baltoy,Grupo_175,1
344,claydol,Grupo_175,2
345,lileep,Grupo_176,1
346,cradily,Grupo_176,2
347,anorith,Grupo_177,1
348,armaldo,Grupo_177,2
349,feebas,Grupo_178,1
350,milotic,Grupo_178,2
351,castform,Grupo_179,1
352,kecleon,Grupo_180,1
353,shuppet,Grupo_181,1
354,banette,Grupo_181,2
355,duskull,Grupo_182,1
356,dusclops,Grupo_182,2
477,dusknoir,Grupo_182,3
357,tropius,Grupo_183,1
433,chingling,Grupo_184,1
358,chimecho,Grupo_184,2
359,absol,Grupo_185,1
361,snorunt,Grupo_186,1
362,glalie,Grupo_186,2
478,froslass,Grupo_186,2
363,spheal,Grupo_187,1
364,sealeo,Grupo_187,2
365,walrein,Grupo_187,3
366,clamperl,Grupo_188,1
367,huntail,Grupo_188,2
368,gorebyss,Grupo_188,2
369,relicanth,Grupo_189,1
370,luvdisc,Grupo_190,1
371,bagon,Grupo_191,1
372,shelgon,Grupo_191,2
373,salamence,Grupo_191,3
374,beldum,Grupo_192,1
375,metang,Grupo_192,2
376,metagross,Grupo_192,3
377,regirock,Grupo_193,1
378,regice,Grupo_194,1
379,registeel,Grupo_195,1
380,latias,Grupo_196,1
381,latios,Grupo_197,1
382,kyogre,Grupo_198,1
383,groudon,Grupo_199,1
384,rayquaza,Grupo_200,1
385,jirachi,Grupo_201,1
386,deoxys,Grupo_202,1
387,turtwig,Grupo_203,1
388,grotle,Grupo_203,2
389,torterra,Grupo_203,3
390,chimchar,Grupo_204,1
391,monferno,Grupo_204,2
392,infernape,Grupo_204,3
393,piplup,Grupo_205,1
394,prinplup,Grupo_205,2
395,empoleon,Grupo_205,3
396,starly,Grupo_206,1
397,staravia,Grupo_206,2
398,staraptor,Grupo_206,3
399,bidoof,Grupo_207,1
400,bibarel,Grupo_207,2
401,kricketot,Grupo_208,1
402,kricketune,Grupo_208,2
403,shinx,Grupo_209,1
404,luxio,Grupo_209,2
405,luxray,Grupo_209,3
408,cranidos,Grupo_210,1
409,rampardos,Grupo_210,2
410,shieldon,Grupo_211,1
411,bastiodon,Grupo_211,2
412,burmy,Grupo_212,1
413,wormadam,Grupo_212,2
414,mothim,Grupo_212,2
415,combee,Grupo_213,1
416,vespiquen,Grupo_213,2
417,pachirisu,Grupo_214,1
418,buizel,Grupo_215,1
419,floatzel,Grupo_215,2
420,cherubi,Grupo_216,1
421,cherrim,Grupo_216,2
422,shellos,Grupo_217,1
423,gastrodon,Grupo_217,2
425,drifloon,Grupo_218,1
426,drifblim,Grupo_218,2
427,buneary,Grupo_219,1
428,lopunny,Grupo_219,2
431,glameow,Grupo_220,1
432,purugly,Grupo_220,2
434,stunky,Grupo_221,1
435,skuntank,Grupo_221,2
436,bronzor,Grupo_222,1
437,bronzong,Grupo_222,2
441,chatot,Grupo_223,1
442,spiritomb,Grupo_224,1
443,gible,Grupo_225,1
444,gabite,Grupo_225,2
445,garchomp,Grupo_225,3
447,riolu,Grupo_226,1
448,lucario,Grupo_226,2
449,hippopotas,Grupo_227,1
450,hippowdon,Grupo_227,2
451,skorupi,Grupo_228,1
452,drapion,Grupo_228,2
453,croagunk,Grupo_229,1
454,toxicroak,Grupo_229,2
455,carnivine,Grupo_230,1
456,finneon,Grupo_231,1
457,lumineon,Grupo_231,2
459,snover,Grupo_232,1
460,abomasnow,Grupo_232,2
479,rotom,Grupo_233,1
480,uxie,Grupo_234,1
481,mesprit,Grupo_235,1
482,azelf,Grupo_236,1
483,dialga,Grupo_237,1
484,palkia,Grupo_238,1
485,heatran,Grupo_239,1
486,regigigas,Grupo_240,1
487,giratina,Grupo_241,1
488,cresselia,Grupo_242,1
489,phione,Grupo_243,1
490,manaphy,Grupo_243,2
491,darkrai,Grupo_244,1
492,shaymin,Grupo_245,1
493,arceus,Grupo_246,1
494,victini,Grupo_247,1
495,snivy,Grupo_248,1
496,servine,Grupo_248,2
497,serperior,Grupo_248,3
498,tepig,Grupo_249,1
499,pignite,Grupo_249,2
500,emboar,Grupo_249,3
501,oshawott,Grupo_250,1
502,dewott,Grupo_250,2
503,samurott,Grupo_250,3
504,patrat,Grupo_251,1
505,watchog,Grupo_251,2
506,lillipup,Grupo_252,1
507,herdier,Grupo_252,2
508,stoutland,Grupo_252,3
509,purrloin,Grupo_253,1
510,liepard,Grupo_253,2
511,pansage,Grupo_254,1
512,simisage,Grupo_254,2
513,pansear,Grupo_255,1
514,simisear,Grupo_255,2
515,panpour,Grupo_256,1
516,simipour,Grupo_256,2
517,munna,Grupo_257,1
518,musharna,Grupo_257,2
519,pidove,Grupo_258,1
520,tranquill,Grupo_258,2
521,unfezant,Grupo_258,3
522,blitzle,Grupo_259,1
523,zebstrika,Grupo_259,2
524,roggenrola,Grupo_260,1
525,boldore,Grupo_260,2
526,gigalith,Grupo_260,3
527,woobat,Grupo_261,1
528,swoobat,Grupo_261,2
529,drilbur,Grupo_262,1
530,excadrill,Grupo_262,2
531,audino,Grupo_263,1
532,timburr,Grupo_264,1
533,gurdurr,Grupo_264,2
534,conkeldurr,Grupo_264,3
535,tympole,Grupo_265,1
536,palpitoad,Grupo_265,2
537,seismitoad,Grupo_265,3
538,throh,Grupo_266,1
539,sawk,Grupo_267,1
540,sewaddle,Grupo_268,1
541,swadloon,Grupo_268,2
542,leavanny,Grupo_268,3
543,venipede,Grupo_269,1
544,whirlipede,Grupo_269,2
545,scolipede,Grupo_269,3
546,cottonee,Grupo_270,1
547,whimsicott,Grupo_270,2
548,petilil,Grupo_271,1
549,lilligant,Grupo_271,2
550,basculin,Grupo_272,1
902,basculegion,Grupo_272,2
551,sandile,Grupo_273,1
552,krokorok,Grupo_273,2
553,krookodile,Grupo_273,3
554,darumaka,Grupo_274,1
555,darmanitan,Grupo_274,2
556,maractus,Grupo_275,1
557,dwebble,Grupo_276,1
558,crustle,Grupo_276,2
559,scraggy,Grupo_277,1
560,scrafty,Grupo_277,2
561,sigilyph,Grupo_278,1
562,yamask,Grupo_279,1
563,cofagrigus,Grupo_279,2
867,runerigus,Grupo_279,2
564,tirtouga,Grupo_280,1
565,carracosta,Grupo_280,2
566,archen,Grupo_281,1
567,archeops,Grupo_281,2
568,trubbish,Grupo_282,1
569,garbodor,Grupo_282,2
570,zorua,Grupo_283,1
571,zoroark,Grupo_283,2
572,minccino,Grupo_284,1
573,cinccino,Grupo_284,2
574,gothita,Grupo_285,1
575,gothorita,Grupo_285,2
576,gothitelle,Grupo_285,3
577,solosis,Grupo_286,1
578,duosion,Grupo_286,2
579,reuniclus,Grupo_286,3
580,ducklett,Grupo_287,1
581,swanna,Grupo_287,2
582,vanillite,Grupo_288,1
583,vanillish,Grupo_288,2
584,vanilluxe,Grupo_288,3
585,deerling,Grupo_289,1
586,sawsbuck,Grupo_289,2
587,emolga,Grupo_290,1
588,karrablast,Grupo_291,1
589,escavalier,Grupo_291,2
590,foongus,Grupo_292,1
591,amoonguss,Grupo_292,2
592,frillish,Grupo_293,1
593,jellicent,Grupo_293,2
594,alomomola,Grupo_294,1
595,joltik,Grupo_295,1
596,galvantula,Grupo_295,2
597,ferroseed,Grupo_296,1
598,ferrothorn,Grupo_296,2
599,klink,Grupo_297,1
600,klang,Grupo_297,2
601,klinklang,Grupo_297,3
602,tynamo,Grupo_298,1
603,eelektrik,Grupo_298,2
604,eelektross,Grupo_298,3
605,elgyem,Grupo_299,1
606,beheeyem,Grupo_299,2
607,litwick,Grupo_300,1
608,lampent,Grupo_300,2
609,chandelure,Grupo_300,3
610,axew,Grupo_301,1
611,fraxure,Grupo_301,2
612,haxorus,Grupo_301,3
613,cubchoo,Grupo_302,1
614,beartic,Grupo_302,2
615,cryogonal,Grupo_303,1
616,shelmet,Grupo_304,1
617,accelgor,Grupo_304,2
618,stunfisk,Grupo_305,1
619,mienfoo,Grupo_306,1
620,mienshao,Grupo_306,2
621,druddigon,Grupo_307,1
622,golett,Grupo_308,1
623,golurk,Grupo_308,2
624,pawniard,Grupo_309,1
625,bisharp,Grupo_309,2
983,kingambit,Grupo_309,3
626,bouffalant,Grupo_310,1
627,rufflet,Grupo_311,1
628,braviary,Grupo_311,2
629,vullaby,Grupo_312,1
630,mandibuzz,Grupo_312,2
631,heatmor,Grupo_313,1
632,durant,Grupo_314,1
633,deino,Grupo_315,1
634,zweilous,Grupo_315,2
635,hydreigon,Grupo_315,3
636,larvesta,Grupo_316,1
637,volcarona,Grupo_316,2
638,cobalion,Grupo_317,1
639,terrakion,Grupo_318,1
640,virizion,Grupo_319,1
641,tornadus,Grupo_320,1
642,thundurus,Grupo_321,1
643,reshiram,Grupo_322,1
644,zekrom,Grupo_323,1
645,landorus,Grupo_324,1
646,kyurem,Grupo_325,1
647,keldeo,Grupo_326,1
648,meloetta,Grupo_327,1
649,genesect,Grupo_328,1
650,chespin,Grupo_329,1
651,quilladin,Grupo_329,2
652,chesnaught,Grupo_329,3
653,fennekin,Grupo_330,1
654,braixen,Grupo_330,2
655,delphox,Grupo_330,3
656,froakie,Grupo_331,1
657,frogadier,Grupo_331,2
658,greninja,Grupo_331,3
659,bunnelby,Grupo_332,1
660,diggersby,Grupo_332,2
661,fletchling,Grupo_333,1
662,fletchinder,Grupo_333,2
663,talonflame,Grupo_333,3
664,scatterbug,Grupo_334,1
665,spewpa,Grupo_334,2
666,vivillon,Grupo_334,3
667,litleo,Grupo_335,1
668,pyroar,Grupo_335,2
669,flabebe,Grupo_336,1
670,floette,Grupo_336,2
671,florges,Grupo_336,3
672,skiddo,Grupo_337,1
673,gogoat,Grupo_337,2
674,pancham,Grupo_338,1
675,pangoro,Grupo_338,2
676,furfrou,Grupo_339,1
677,espurr,Grupo_340,1
678,meowstic,Grupo_340,2
679,honedge,Grupo_341,1
680,doublade,Grupo_341,2
681,aegislash,Grupo_341,3
682,spritzee,Grupo_342,1
683,aromatisse,Grupo_342,2
684,swirlix,Grupo_343,1
685,slurpuff,Grupo_343,2
686,inkay,Grupo_344,1
687,malamar,Grupo_344,2
688,binacle,Grupo_345,1
689,barbaracle,Grupo_345,2
690,skrelp,Grupo_346,1
691,dragalge,Grupo_346,2
692,clauncher,Grupo_347,1
693,clawitzer,Grupo_347,2
694,helioptile,Grupo_348,1
695,heliolisk,Grupo_348,2
696,tyrunt,Grupo_349,1
697,tyrantrum,Grupo_349,2
698,amaura,Grupo_350,1
699,aurorus,Grupo_350,2
701,hawlucha,Grupo_351,1
702,dedenne,Grupo_352,1
703,carbink,Grupo_353,1
704,goomy,Grupo_354,1
705,sliggoo,Grupo_354,2
706,goodra,Grupo_354,3
707,klefki,Grupo_355,1
708,phantump,Grupo_356,1
709,trevenant,Grupo_356,2
710,pumpkaboo,Grupo_357,1
711,gourgeist,Grupo_357,2
712,bergmite,Grupo_358,1
713,avalugg,Grupo_358,2
714,noibat,Grupo_359,1
715,noivern,Grupo_359,2
716,xerneas,Grupo_360,1
717,yveltal,Grupo_361,1
718,zygarde,Grupo_362,1
719,diancie,Grupo_363,1
720,hoopa,Grupo_364,1
721,volcanion,Grupo_365,1
722,rowlet,Grupo_366,1
723,dartrix,Grupo_366,2
724,decidueye,Grupo_366,3
725,litten,Grupo_367,1
726,torracat,Grupo_367,2
727,incineroar,Grupo_367,3
728,popplio,Grupo_368,1
729,brionne,Grupo_368,2
730,primarina,Grupo_368,3
731,pikipek,Grupo_369,1
732,trumbeak,Grupo_369,2
733,toucannon,Grupo_369,3
734,yungoos,Grupo_370,1
735,gumshoos,Grupo_370,2
736,grubbin,Grupo_371,1
737,charjabug,Grupo_371,2
738,vikavolt,Grupo_371,3
739,crabrawler,Grupo_372,1
740,crabominable,Grupo_372,2
741,oricorio,Grupo_373,1
742,cutiefly,Grupo_374,1
743,ribombee,Grupo_374,2
744,rockruff,Grupo_375,1
745,lycanroc,Grupo_375,2
746,wishiwashi,Grupo_376,1
747,mareanie,Grupo_377,1
748,toxapex,Grupo_377,2
749,mudbray,Grupo_378,1
750,mudsdale,Grupo_378,2
751,dewpider,Grupo_379,1
752,araquanid,Grupo_379,2
753,fomantis,Grupo_380,1
754,lurantis,Grupo_380,2
755,morelull,Grupo_381,1
756,shiinotic,Grupo_381,2
757,salandit,Grupo_382,1
758,salazzle,Grupo_382,2
759,stufful,Grupo_383,1
760,bewear,Grupo_383,2
761,bounsweet,Grupo_384,1
762,steenee,Grupo_384,2
763,tsareena,Grupo_384,3
764,comfey,Grupo_385,1
765,oranguru,Grupo_386,1
766,passimian,Grupo_387,1
767,wimpod,Grupo_388,1
768,golisopod,Grupo_388,2
769,sandygast,Grupo_389,1
770,palossand,Grupo_389,2
771,pyukumuku,Grupo_390,1
772,type-null,Grupo_391,1
773,silvally,Grupo_391,2
774,minior,Grupo_392,1
775,komala,Grupo_393,1
776,turtonator,Grupo_394,1
777,togedemaru,Grupo_395,1
778,mimikyu,Grupo_396,1
779,bruxish,Grupo_397,1
780,drampa,Grupo_398,1
781,dhelmise,Grupo_399,1
782,jangmo-o,Grupo_400,1
783,hakamo-o,Grupo_400,2
784,kommo-o,Grupo_400,3
785,tapu-koko,Grupo_401,1
786,tapu-lele,Grupo_402,1
787,tapu-bulu,Grupo_403,1
788,tapu-fini,Grupo_404,1
789,cosmog,Grupo_405,1
790,cosmoem,Grupo_405,2
791,solgaleo,Grupo_405,3
792,lunala,Grupo_405,3
793,nihilego,Grupo_406,1
794,buzzwole,Grupo_407,1
795,pheromosa,Grupo_408,1
796,xurkitree,Grupo_409,1
797,celesteela,Grupo_410,1
798,kartana,Grupo_411,1
799,guzzlord,Grupo_412,1
800,necrozma,Grupo_413,1
801,magearna,Grupo_414,1
802,marshadow,Grupo_415,1
803,poipole,Grupo_416,1
804,naganadel,Grupo_416,2
805,stakataka,Grupo_417,1
806,blacephalon,Grupo_418,1
807,zeraora,Grupo_419,1
808,meltan,Grupo_420,1
809,melmetal,Grupo_421,1
810,grookey,Grupo_422,1
811,thwackey,Grupo_422,2
812,rillaboom,Grupo_422,3
813,scorbunny,Grupo_423,1
814,raboot,Grupo_423,2
815,cinderace,Grupo_423,3
816,sobble,Grupo_424,1
817,drizzile,Grupo_424,2
818,inteleon,Grupo_424,3
819,skwovet,Grupo_425,1
820,greedent,Grupo_425,2
821,rookidee,Grupo_426,1
822,corvisquire,Grupo_426,2
823,corviknight,Grupo_426,3
824,blipbug,Grupo_427,1
825,dottler,Grupo_427,2
826,orbeetle,Grupo_427,3
827,nickit,Grupo_428,1
828,thievul,Grupo_428,2
829,gossifleur,Grupo_429,1
830,eldegoss,Grupo_429,2
831,wooloo,Grupo_430,1
832,dubwool,Grupo_430,2
833,chewtle,Grupo_431,1
834,drednaw,Grupo_431,2
835,yamper,Grupo_432,1
836,boltund,Grupo_432,2
837,rolycoly,Grupo_433,1
838,carkol,Grupo_433,2
839,coalossal,Grupo_433,3
840,applin,Grupo_434,1
841,flapple,Grupo_434,2
842,appletun,Grupo_434,2
1011,dipplin,Grupo_434,2
1019,hydrapple,Grupo_434,3
843,silicobra,Grupo_435,1
844,sandaconda,Grupo_435,2
845,cramorant,Grupo_436,1
846,arrokuda,Grupo_437,1
847,barraskewda,Grupo_437,2
848,toxel,Grupo_438,1
849,toxtricity,Grupo_438,2
850,sizzlipede,Grupo_439,1
851,centiskorch,Grupo_439,2
852,clobbopus,Grupo_440,1
853,grapploct,Grupo_440,2
854,sinistea,Grupo_441,1
855,polteageist,Grupo_441,2
856,hatenna,Grupo_442,1
857,hattrem,Grupo_442,2
858,hatterene,Grupo_442,3
859,impidimp,Grupo_443,1
860,morgrem,Grupo_443,2
861,grimmsnarl,Grupo_443,3
868,milcery,Grupo_444,1
869,alcremie,Grupo_444,2
870,falinks,Grupo_445,1
871,pincurchin,Grupo_446,1
872,snom,Grupo_447,1
873,frosmoth,Grupo_447,2
874,stonjourner,Grupo_448,1
875,eiscue,Grupo_449,1
876,indeedee,Grupo_450,1
877,morpeko,Grupo_451,1
878,cufant,Grupo_452,1
879,copperajah,Grupo_452,2
880,dracozolt,Grupo_453,1
881,arctozolt,Grupo_454,1
882,dracovish,Grupo_455,1
883,arctovish,Grupo_456,1
884,duraludon,Grupo_457,1
1018,archaludon,Grupo_457,2
885,dreepy,Grupo_458,1
886,drakloak,Grupo_458,2
887,dragapult,Grupo_458,3
888,zacian,Grupo_459,1
889,zamazenta,Grupo_460,1
890,eternatus,Grupo_461,1
891,kubfu,Grupo_462,1
892,urshifu,Grupo_462,2
893,zarude,Grupo_463,1
894,regieleki,Grupo_464,1
895,regidrago,Grupo_465,1
896,glastrier,Grupo_466,1
897,spectrier,Grupo_467,1
898,calyrex,Grupo_468,1
905,enamorus,Grupo_469,1
906,sprigatito,Grupo_470,1
907,floragato,Grupo_470,2
908,meowscarada,Grupo_470,3
909,fuecoco,Grupo_471,1
910,crocalor,Grupo_471,2
911,skeledirge,Grupo_471,3
912,quaxly,Grupo_472,1
913,quaxwell,Grupo_472,2
914,quaquaval,Grupo_472,3
915,lechonk,Grupo_473,1
916,oinkologne,Grupo_473,2
917,tarountula,Grupo_474,1
918,spidops,Grupo_474,2
919,nymble,Grupo_475,1
920,lokix,Grupo_475,2
921,pawmi,Grupo_476,1
922,pawmo,Grupo_476,2
923,pawmot,Grupo_476,3
924,tandemaus,Grupo_477,1
925,maushold,Grupo_477,2
926,fidough,Grupo_478,1
927,dachsbun,Grupo_478,2
928,smoliv,Grupo_479,1
929,dolliv,Grupo_479,2
930,arboliva,Grupo_479,3
931,squawkabilly,Grupo_480,1
932,nacli,Grupo_481,1
933,naclstack,Grupo_481,2
934,garganacl,Grupo_481,3
935,charcadet,Grupo_482,1
936,armarouge,Grupo_482,2
937,ceruledge,Grupo_482,2
938,tadbulb,Grupo_483,1
939,bellibolt,Grupo_483,2
940,wattrel,Grupo_484,1
941,kilowattrel,Grupo_484,2
942,maschiff,Grupo_485,1
943,mabosstiff,Grupo_485,2
944,shroodle,Grupo_486,1
945,grafaiai,Grupo_486,2
946,bramblin,Grupo_487,1
947,brambleghast,Grupo_487,2
948,toedscool,Grupo_488,1
949,toedscruel,Grupo_488,2
950,klawf,Grupo_489,1
951,capsakid,Grupo_490,1
952,scovillain,Grupo_490,2
953,rellor,Grupo_491,1
954,rabsca,Grupo_491,2
955,flittle,Grupo_492,1
956,espathra,Grupo_492,2
957,tinkatink,Grupo_493,1
958,tinkatuff,Grupo_493,2
959,tinkaton,Grupo_493,3
960,wiglett,Grupo_494,1
961,wugtrio,Grupo_494,2
962,bombirdier,Grupo_495,1
963,finizen,Grupo_496,1
964,palafin,Grupo_496,2
965,varoom,Grupo_497,1
966,revavroom,Grupo_497,2
967,cyclizar,Grupo_498,1
968,orthworm,Grupo_499,1
969,glimmet,Grupo_500,1
970,glimmora,Grupo_500,2
971,greavard,Grupo_501,1
972,houndstone,Grupo_501,2
973,flamigo,Grupo_502,1
974,cetoddle,Grupo_503,1
975,cetitan,Grupo_503,2
976,veluza,Grupo_504,1
977,dondozo,Grupo_505,1
978,tatsugiri,Grupo_506,1
984,great-tusk,Grupo_507,1
985,scream-tail,Grupo_508,1
986,brute-bonnet,Grupo_509,1
987,flutter-mane,Grupo_510,1
988,slither-wing,Grupo_511,1
989,sandy-shocks,Grupo_512,1
990,iron-treads,Grupo_513,1
991,iron-bundle,Grupo_514,1
992,iron-hands,Grupo_515,1
993,iron-jugulis,Grupo_516,1
994,iron-moth,Grupo_517,1
995,iron-thorns,Grupo_518,1
996,frigibax,Grupo_519,1
997,arctibax,Grupo_519,2
998,baxcalibur,Grupo_519,3
999,gimmighoul,Grupo_520,1
1000,gholdengo,Grupo_520,2
1001,wo-chien,Grupo_521,1
1002,chien-pao,Grupo_522,1
1003,ting-lu,Grupo_523,1
1004,chi-yu,Grupo_524,1
1005,roaring-moon,Grupo_525,1
1006,iron-valiant,Grupo_526,1
1007,koraidon,Grupo_527,1
1008,miraidon,Grupo_528,1
1009,walking-wake,Grupo_529,1
1010,iron-leaves,Grupo_530,1
1012,poltchageist,Grupo_531,1
1013,sinistcha,Grupo_531,2
1014,okidogi,Grupo_532,1
1015,munkidori,Grupo_533,1
1016,fezandipiti,Grupo_534,1
1017,ogerpon,Grupo_535,1
1020,gouging-fire,Grupo_536,1
1021,raging-bolt,Grupo_537,1
1022,iron-boulder,Grupo_538,1
1023,iron-crown,Grupo_539,1
1024,terapagos,Grupo_540,1
1025,pecharunt,Grupo_541,1
